cod_loja;faturamento
1;500280.47
2;50679.7
3;135034.0
4;49090.863
5;156769.48
6;193305.88
7;80489.94
8;107443.29
9;261971.25
11;30505.006
12;50799.8
14;78734.086
15;107023.38
17;89977.75
18;43190.55
19;115771.805
20;135938.08
22;115101.54
23;193362.5
24;115188.74
25;123680.945
26;145808.08
27;36978.688
29;146535.75
30;86026.06
31;72566.65
32;204914.88
33;214256.02
34;185798.38
35;150794.33
36;56844.28
37;169312.38
38;107692.04
39;139572.61
40;122982.31
42;203510.0
43;63769.137
44;211604.75
45;105151.44
46;177634.62
47;98583.77
48;163118.06
49;68775.95
50;72670.97
51;116378.04
52;116544.28
53;114052.414
54;120455.164
56;120112.086
57;128250.48
58;134049.92
59;123954.75
60;169094.39
61;62974.8
62;142645.45
63;82582.77
65;109510.336
66;218972.12
67;331667.03
68;124433.27
69;60058.812
70;41726.316
71;73387.59
72;347351.25
74;86567.65
76;230276.8
77;100691.44
78;118721.164
79;142550.92
80;152771.64
81;109464.91
83;78838.5
85;135377.98
86;164830.02
88;144703.45
89;101167.04
90;78128.414
91;82682.81
92;72235.12
93;131061.49
94;160605.38
95;92518.46
96;94290.805
97;121990.27
98;95289.695
100;31168.854
101;87340.84
102;94739.81
104;65137.55
105;109871.1
107;48186.125
108;60692.605
109;61066.582
110;112975.305
111;106114.57
112;84654.99
113;239323.17
114;111249.21
115;65005.3
116;185821.5
118;137002.27
120;128729.74
121;111570.81
122;55571.77
123;143248.58
124;93921.15
125;135440.58
126;303898.47
128;193501.77
130;145851.75
131;104057.16
133;72327.27
134;108269.6
135;35571.27
136;198825.12
137;43247.84
138;268027.38
139;109235.375
140;175215.05
141;63645.55
142;59273.793
143;351758.84
144;174022.16
145;135730.06
146;87290.24
147;202944.12
148;291505.4
149;52153.887
150;120190.25
151;115896.445
152;148768.48
153;149967.12
154;97238.21
155;215677.55
156;71790.51
157;26430.33
158;55767.84
159;59931.004
160;186602.88
161;27589.758
162;126182.73
163;117804.445
164;213558.42
165;140801.84
166;59843.418
167;27569.771
168;150102.3
169;344361.47
170;64747.28
171;128318.65
172;98495.836
173;123625.94
174;74671.25
175;223012.92
176;198146.33
177;287567.0
179;194640.58
180;109773.52
181;93479.43
182;208013.45
183;59968.234
184;142302.17
185;186285.39
186;54823.78
187;224416.11
188;96067.586
189;86685.29
190;86839.11
191;127608.625
192;119996.48
193;103253.875
194;244163.77
195;123648.81
196;57037.594
197;265486.25
198;58090.63
199;37506.22
204;284986.47
205;139959.44
207;166101.4
208;194976.58
209;107084.24
210;39736.625
211;112807.375
212;70550.29
214;37795.742
216;218372.25
217;123542.44
218;130639.664
219;56511.26
221;103335.59
222;148249.56
223;136761.67
224;34233.16
225;40925.02
226;72408.47
227;121466.96
228;195646.52
229;140718.14
230;118953.9
231;45479.652
233;30582.275
236;147282.31
237;31634.166
238;169034.45
239;58153.17
243;112500.125
244;240765.36
245;61167.754
246;200576.39
247;94709.5
248;139487.17
249;114101.34
250;59528.7
251;29258.25
252;98996.125
253;79873.43
256;116826.81
257;96896.41
258;39150.066
259;96270.59
260;125133.5
263;61853.49
264;39926.484
265;100738.414
266;126409.94
267;80945.96
268;65311.02
269;137390.39
270;321150.22
271;164228.39
273;99232.44
274;138996.27
275;120092.914
276;98812.77
277;94917.87
279;42498.63
280;118461.125
281;127309.56
282;105574.13
283;257526.3
284;71761.9
286;140347.19
287;34583.89
288;31039.53
289;75400.54
290;101165.23
291;138974.69
292;226638.12
293;260149.45
294;300202.28
295;185263.81
296;74728.58
297;62769.387
298;30872.271
299;62659.844
301;127756.38
304;44508.17
305;59117.91
306;105343.1
307;284920.5
309;135098.52
310;139432.62
311;96757.52
312;38464.504
313;137302.67
314;61726.03
316;110737.43
317;91692.93
318;134165.95
319;61642.53
320;168868.56
321;94792.41
322;61500.3
324;74937.3
325;33982.49
326;42114.875
328;295112.4
329;186886.8
330;144356.02
331;101058.1
332;89413.21
335;206423.92
336;46871.64
337;122600.24
338;59532.49
340;79262.73
341;53564.676
342;63675.23
343;243417.2
345;154885.77
346;52127.094
347;58078.004
348;59807.918
349;80089.0
350;49599.76
351;65996.555
352;42158.105
354;45852.668
356;166201.38
357;148482.27
358;75812.9
359;142497.33
360;152619.31
361;82530.63
362;82570.22
363;93429.73
364;126385.055
365;66411.09
366;142570.19
367;54836.97
368;204362.56
369;53724.88
370;42341.734
371;256173.62
372;217163.81
373;65878.03
374;228497.44
376;62490.293
377;84127.734
378;123681.74
379;284234.6
380;180872.12
382;53742.05
383;54937.594
385;186207.38
386;129829.38
387;76590.914
388;94549.79
389;306536.7
390;91253.87
391;92555.76
392;122769.87
393;305239.5
395;32628.553
396;72398.59
397;181351.88
398;85306.82
399;43399.656
400;90065.02
401;113185.48
402;35991.637
403;107127.04
404;58319.55
405;123143.27
406;81687.74
407;98304.96
408;45057.62
409;72068.07
410;144104.05
411;81559.52
412;105932.625
413;58418.39
414;121837.836
415;69042.64
416;137857.33
417;136153.81
418;86697.18
419;50124.918
421;76834.0
422;218298.23
423;128007.85
424;41630.53
425;150681.14
426;42397.844
428;104058.99
429;120924.9
430;52959.395
431;61772.12
432;110027.5
433;224608.0
434;98965.03
435;117893.445
436;78086.71
437;143517.11
438;58979.55
439;234761.05
440;214410.12
441;123798.25
442;198191.05
443;138938.36
444;91099.87
445;54686.92
446;38792.785
447;90632.52
449;175853.92
451;121275.945
453;48502.426
454;105700.125
455;72383.89
456;128414.9
457;26446.982
458;209728.88
459;84390.56
460;93548.91
462;188193.67
463;67659.56
464;124107.54
465;151601.7
466;70681.5
467;158378.69
468;108082.75
469;152226.67
470;71918.4
471;247657.75
472;42519.094
473;182115.62
474;28201.445
475;66723.555
478;84859.18
479;81215.68
481;52886.266
482;165089.81
483;75919.32
484;27415.227
485;68495.65
487;43154.605
488;202438.17
489;53920.457
490;66493.99
491;69235.73
492;121858.56
493;126154.71
494;83996.93
495;58543.715
496;92178.375
497;63429.73
498;105755.164
499;113687.29
500;185822.14
502;112377.6
503;145232.73
504;76387.586
505;135683.7
506;83070.65
507;31271.455
508;181177.81
509;316579.66
510;230546.38
511;203928.69
512;65149.62
513;44243.453
515;63753.42
516;171810.02
517;204840.45
518;55088.23
519;208307.95
521;184844.5
523;70211.49
524;79203.375
525;53490.45
527;225735.36
528;40317.99
529;147734.64
530;197631.67
531;45608.746
532;263381.12
533;59107.125
534;60191.543
535;63703.074
536;275811.38
537;98092.37
538;303622.78
539;234752.7
541;96304.23
542;131811.5
544;71559.52
546;55633.887
547;41736.59
548;117489.35
549;135213.27
550;114981.35
551;78178.32
552;49349.48
553;72938.52
554;132062.86
555;124200.49
557;119429.625
558;61803.996
559;45520.062
562;121271.695
563;234964.56
564;63479.17
565;130339.85
567;286777.6
568;97395.46
569;171035.98
570;55472.38
571;139756.5
573;99983.336
574;62396.74
576;159033.86
577;73458.836
578;476136.1
579;53495.99
580;140754.62
581;73176.09
582;480613.5
583;122802.336
584;32724.25
585;30569.555
586;102793.305
587;92050.74
589;97517.54
590;79769.69
591;152219.2
593;57873.887
594;30589.166
595;115625.25
597;149304.06
598;177003.25
599;29209.475
600;94835.27
602;243617.61
604;18622.006
605;68423.07
606;183356.33
607;65268.094
608;199199.58
609;111364.1
611;257889.7
612;88738.836
613;71877.03
614;23360.604
615;198583.44
616;85872.34
617;42633.84
619;143458.22
621;174746.23
622;237873.62
623;39448.16
624;104241.31
625;230009.33
626;42471.562
627;62607.082
628;246756.42
629;205184.14
630;77518.03
631;134112.95
632;122395.0
633;35668.543
634;62769.34
635;56616.734
638;71122.59
639;175742.0
640;183930.67
642;94896.18
643;63097.438
644;117756.43
647;202165.62
648;75934.586
649;71236.664
650;147939.62
651;156274.62
654;95525.51
655;151473.56
656;392549.84
657;87440.85
658;92038.74
659;52355.875
660;29318.084
661;60060.746
662;111462.195
663;125112.76
664;114611.16
665;26568.383
666;47194.906
667;50034.95
668;63065.03
669;152487.95
670;67323.48
671;98377.74
672;43798.52
673;47850.51
674;64394.438
675;54743.76
676;73119.82
677;62560.75
679;89355.46
681;59223.28
682;64884.355
684;64373.98
686;21920.639
687;166080.52
688;51413.168
689;123637.96
690;75871.12
691;57966.41
692;40476.45
693;468101.66
694;34713.14
695;70219.27
696;29292.225
697;151422.75
698;59103.66
699;188122.88
700;272419.62
701;100960.586
702;102677.34
703;179477.3
704;156243.89
705;39230.332
706;53355.38
707;97206.75
708;73124.57
709;78442.79
710;93548.1
711;31132.494
712;151899.75
713;134776.98
714;86021.65
716;176548.0
717;56654.02
718;30939.592
719;142279.7
720;237269.92
721;109838.914
722;108284.29
723;125196.69
724;204327.05
725;70262.99
726;72385.555
727;104931.34
728;366406.25
729;81814.27
731;278221.12
732;65124.582
734;86252.125
735;59642.125
736;54916.105
737;57095.03
738;126418.52
739;67846.48
740;50975.137
741;35826.88
742;130101.945
743;90565.125
744;93150.65
745;40281.63
746;36976.89
747;46557.332
748;41780.496
749;361305.75
751;17416.951
752;33155.848
753;18323.137
754;45312.12
755;28428.305
757;88643.82
759;192539.92
760;209411.11
761;26392.43
762;30387.703
763;163243.05
764;135730.95
765;106826.93
766;63201.5
767;175770.61
768;67664.1
769;35144.445
770;109606.25
772;27250.475
773;156828.89
774;50852.55
775;51155.344
776;63060.25
778;44003.156
779;14095.266
780;55524.168
781;37409.895
782;52159.418
783;372177.53
784;60733.996
785;45007.703
786;94259.03
787;125994.375
788;56259.246
789;44637.027
790;222410.62
792;32035.297
793;42104.984
794;59735.473
795;20094.783
796;86847.945
797;54137.47
798;42271.465
799;361734.5
800;179337.98
801;71168.13
802;211288.61
803;135376.12
804;31890.287
805;94007.336
806;47932.613
807;148351.02
808;41119.566
809;154963.02
810;59564.137
811;45003.78
814;36245.797
815;41780.223
816;27583.36
817;42849.438
818;85020.336
819;35865.45
821;65838.94
822;56900.63
823;66024.28
824;75434.664
825;87209.9
826;152101.25
827;36227.87
828;48006.39
829;109182.01
830;136326.9
831;54954.02
832;30631.5
833;36448.547
834;57992.37
835;103516.22
836;74763.51
837;92558.28
838;48379.543
839;56817.72
840;49287.3
842;40123.098
843;104031.02
844;164673.81
845;88185.85
846;61673.676
847;72066.49
848;234592.44
849;72507.43
850;31289.896
851;65869.39
852;235093.08
853;24977.928
854;53575.27
855;86879.234
856;60528.24
858;29913.451
859;64046.723
860;47828.594
862;115864.52
863;63620.59
864;22532.611
865;61337.91
869;175817.38
870;59338.17
871;52787.55
872;68596.06
873;99963.0
874;58586.793
877;45785.53
878;21937.303
879;98450.164
880;111287.62
881;36638.184
882;45230.67
883;86755.984
884;56495.906
886;167849.19
887;49580.48
888;65703.15
889;53496.035
890;32357.846
891;76910.09
892;128971.44
893;337894.16
894;31365.367
895;130718.52
896;288852.72
897;124910.79
898;60533.5
899;71611.34
900;82690.26
901;38245.59
902;107920.82
904;161478.77
905;26600.287
906;84308.125
908;96263.914
909;74633.76
910;56656.812
911;53917.19
912;112640.16
913;50951.38
915;182927.62
916;44727.504
917;196487.86
918;53408.582
919;80584.16
920;106464.77
921;62003.496
922;60626.844
923;68262.836
924;44176.316
925;80011.555
926;67831.68
927;150571.45
928;94314.664
930;111707.79
931;180363.7
932;51918.03
933;33473.664
934;118803.12
935;54372.67
937;187502.27
939;340816.1
940;100215.125
941;102723.914
942;141105.47
943;28659.967
945;27092.016
946;26889.303
947;246206.38
948;59114.16
949;23071.086
951;47706.027
954;134597.19
955;53973.24
956;129838.54
957;94699.65
958;49725.723
959;115620.48
960;48481.402
961;62427.78
962;124970.24
963;136777.67
964;42607.035
965;18907.523
966;220663.2
968;225198.08
969;46244.902
970;128721.41
971;62865.832
972;114402.836
973;175643.7
976;66253.83
977;124644.29
978;49857.918
979;81572.12
980;85056.63
981;27783.375
982;104040.71
983;37813.37
984;119326.625
985;26724.938
986;53428.61
987;53007.707
988;27653.312
989;64163.27
990;98634.875
991;60470.574
992;31721.03
993;30818.26
994;283011.2
995;178356.58
996;92042.0
997;36335.355
998;19781.594
999;83730.83
1000;134364.38
1001;259474.64
1002;48921.887
1003;83150.5
1004;34987.586
1005;206192.5
1006;44050.215
1009;22471.021
1010;248440.5
1011;181324.05
1012;61268.516
1014;39830.703
1015;162799.64
1016;106089.52
1017;228076.36
1018;72529.55
1019;73682.75
1020;221624.17
1021;39703.27
1022;148872.2
1023;58181.188
1024;87729.96
1026;64492.816
1028;46819.406
1029;92832.97
1030;27292.188
1031;28584.695
1032;49128.793
1033;224560.06
1035;69408.47
1037;55007.16
1038;38073.13
1040;127956.49
1041;83944.26
1042;26879.29
1043;42088.73
1044;74607.23
1045;40670.02
1046;146942.89
1047;36389.39
1048;199069.83
1049;173214.81
1050;21878.977
1051;26631.842
1052;41496.69
1053;21925.01
1054;55127.56
1055;89042.914
1056;23020.451
1057;58702.156
1058;60481.77
1060;76320.81
1061;107441.31
1062;134578.83
1063;104154.99
1064;186967.2
1066;372737.72
1067;127347.76
1068;209962.17
1070;45674.332
1071;42095.44
1072;221790.56
1074;54874.28
1075;69715.88
1076;94737.23
1077;61201.87
1078;85467.18
1079;139524.14
1080;108366.66
1081;197009.7
1083;45170.3
1084;97241.51
1085;95290.125
1086;58146.53
1087;207862.39
1088;62840.31
1090;44171.98
1091;311545.66
1092;34560.41
1095;162049.38
1096;36380.918
1097;65557.08
1098;172246.83
1100;31110.588
1101;27708.564
1102;57921.27
1103;352576.12
1104;62119.55
1105;44652.33
1107;98719.914
1108;38711.414
1110;58556.723
1111;76426.03
1112;130591.375
1113;34666.418
1115;140271.02
1116;41844.01
1117;65771.79
1118;142566.67
1119;168733.53
1120;51928.246
1121;202959.58
1122;35637.55
1123;78810.445
1125;104974.27
1127;186972.17
1128;167152.14
1129;155820.48
1130;78470.51
1131;55119.652
1132;202829.94
1133;105434.54
1134;131115.62
1135;170395.61
1136;47998.215
1137;140276.2
1138;83952.68
1139;70367.375
1140;66742.945
1141;37761.8
1142;184270.58
1143;55418.316
1144;66780.94
1146;28485.906
1147;35865.363
1149;39040.508
1150;30164.062
1152;76054.87
1154;47867.92
1155;55110.12
1157;79013.914
1158;70773.71
1159;18223.836
1160;48374.02
1161;72695.055
1162;69691.85
1163;176298.08
1165;158053.94
1166;188782.67
1167;31499.375
1168;38839.37
1169;139039.31
1170;99440.82
1171;160917.81
1172;103864.94
1174;490256.12
1176;44492.22
1177;186001.33
1178;40318.797
1179;60845.246
1181;92830.5
1182;299227.0
1183;125231.805
1184;67838.56
1185;80453.62
1187;32473.299
1188;33680.715
1189;74265.4
1190;176597.58
1191;149107.8
1192;38459.473
1193;58661.074
1194;26623.11
1195;65687.96
1197;56584.51
1198;61919.824
1200;55912.953
1201;110588.73
1202;103755.78
1203;299964.78
1204;254597.38
1205;54127.56
1206;62900.637
1207;127344.375
1209;86458.75
1210;53519.562
1211;148377.62
1212;130615.96
1214;85055.86
1215;121045.836
1216;123692.52
1217;27159.682
1218;124705.44
1219;79895.88
1220;58002.887
1221;49633.55
1222;58841.08
1223;74803.96
1224;132782.23
1225;48863.062
1227;301327.56
1228;89470.78
1229;65858.43
1230;213893.77
1231;37609.72
1232;155843.69
1233;141701.02
1235;179499.64
1236;256533.94
1237;208356.89
1238;98264.68
1239;109819.81
1240;74873.9
1241;85074.77
1242;135588.38
1243;75415.45
1244;31476.172
1245;49912.13
1248;103974.46
1249;103380.81
1250;67910.65
1251;57622.215
1252;57938.53
1253;56583.94
1255;495297.4
1256;191344.25
1257;66030.63
1258;38209.598
1259;85642.625
1260;122270.68
1261;39747.535
1262;27703.744
1263;103501.94
1264;118829.57
1265;392150.9
1266;316941.03
1268;126160.1
1269;487227.0
1270;100705.07
1271;79063.83
1272;58192.53
1273;43561.348
1275;133260.14
1276;45758.793
1277;19954.266
1278;62412.887
1280;57967.613
1281;160981.08
1282;47815.656
1284;99520.625
1285;38162.168
1286;143805.69
1288;32266.791
1289;34595.0
1290;67132.0
1291;91101.03
1293;58981.566
1294;124620.43
1295;56716.67
1296;97325.28
1297;40035.45
1299;92864.79
1300;35209.812
1301;41271.875
1302;49440.387
1303;63038.168
1304;59227.457
1305;56165.348
1306;98583.76
1307;24366.705
1309;71233.54
1310;67793.79
1311;89229.875
1312;60819.863
1313;76078.15
1315;202246.27
1316;132031.8
1318;159218.45
1319;110625.02
1320;127207.75
1323;71221.05
1324;325574.16
1325;65385.53
1326;207286.05
1327;66039.4
1328;24357.041
1329;75853.12
1330;122837.9
1331;36781.996
1332;45439.926
1333;45710.375
1336;49127.375
1337;143809.94
1338;29535.072
1339;99680.586
1340;57224.99
1341;189677.27
1342;144576.83
1343;101239.76
1344;121896.18
1345;51980.344
1346;122904.1
1347;47851.332
1348;30109.992
1349;158169.56
1350;27742.062
1351;185224.17
1352;69608.06
1353;67882.055
1354;224726.25
1355;49304.113
1356;185143.7
1357;66099.945
1358;80605.73
1362;87793.73
1363;83425.336
1364;64600.332
1365;56803.56
1366;138816.31
1367;161449.31
1368;135608.67
1369;86015.28
1370;28048.783
1371;63375.613
1372;110819.29
1373;40888.883
1375;94790.57
1376;137901.34
1377;63985.64
1378;36833.957
1379;43849.77
1380;95041.32
1381;111662.41
1383;44427.145
1386;212960.33
1387;52622.582
1388;137088.2
1389;277638.44
1391;217356.5
1392;222403.42
1393;97568.125
1394;189281.45
1395;110019.195
1397;230391.45
1399;36548.004
1400;78753.46
1401;112018.29
1402;85580.945
1404;128784.336
1405;136259.66
1406;237538.06
1407;65135.207
1408;43460.17
1409;26727.945
1410;31363.209
1411;32057.646
1412;41150.42
1413;47092.01
1414;57578.06
1416;95060.9
1417;145464.11
1420;45126.297
1423;40876.473
1424;50931.56
1425;266286.22
1426;60585.062
1427;106495.81
1428;221408.92
1429;106866.625
1430;93857.37
1431;72384.555
1432;193131.62
1433;274681.6
1434;87746.22
1435;83341.1
1436;40928.85
1437;215752.14
1438;70227.82
1439;265007.47
1440;287916.0
1441;148226.9
1442;194142.86
1443;320913.44
1444;129994.28
1445;45371.457
1446;88824.41
1449;152426.02
1450;98769.48
1451;91863.28
1453;50072.83
1454;30379.766
1455;69074.57
1456;98091.81
1457;101331.65
1458;121466.31
1459;100522.52
1463;30378.156
1464;211285.83
1465;124174.6
1466;170093.73
1467;90163.586
1468;106594.125
1469;63962.582
1470;74214.79
1471;25010.771
1472;83509.73
1473;153904.42
1474;61150.77
1475;243559.98
1476;118435.15
1477;101318.195
1478;54913.797
1479;54389.47
1480;73692.6
1481;129825.65
1482;71440.22
1483;129242.91
1484;87847.48
1486;107045.26
1487;81706.08
1488;260374.83
1489;39815.18
1490;61505.043
1491;32601.13
1492;110273.375
1493;111199.16
1494;40115.777
1495;122605.1
1496;188201.75
1497;37501.98
1498;71506.49
1501;41636.62
1504;214187.45
1505;141455.36
1506;85362.766
1508;60981.2
1509;59530.5
1511;107673.59
1512;127591.19
1513;124834.914
1514;30252.89
1515;91079.0
1516;116867.72
1517;72675.164
1519;94058.59
1520;79449.72
1521;193446.81
1522;33873.227
1525;38517.38
1526;30742.625
1528;176823.23
1529;38557.746
1530;29689.148
1532;72263.484
1533;78718.68
1534;93983.48
1535;22559.334
1536;93105.9
1537;68035.34
1538;70928.04
1539;138754.67
1540;120264.06
1541;52092.97
1542;52166.73
1543;94497.055
1544;66848.125
1545;45546.887
1546;62175.7
1547;35686.77
1548;133238.55
1549;93498.27
1550;36342.707
1552;53552.188
1553;126072.96
1554;37355.426
1555;56630.953
1556;127176.305
1557;34581.12
1558;81441.73
1559;65071.8
1560;89849.04
1561;102721.09
1562;134743.33
1564;24712.96
1565;35853.203
1566;168132.38
1567;20919.29
1571;108424.15
1572;97517.73
1573;52266.77
1575;61599.188
1576;67482.48
1577;38786.42
1578;140402.66
1579;127549.88
1581;20739.244
1582;48440.266
1583;55281.902
1584;85230.77
1585;57862.043
1586;289708.03
1587;101057.73
1588;51970.605
1589;39230.88
1590;79562.94
1591;32648.744
1592;65712.22
1593;98245.69
1594;60037.99
1596;158664.67
1597;57297.72
1599;75651.77
1600;73460.15
1601;136834.95
1603;184028.69
1604;80012.54
1606;64567.03
1607;32728.828
1608;103739.48
1609;128977.305
1610;182193.3
1611;93047.97
1612;41814.574
1614;106734.06
1615;76729.36
1616;140513.14
1617;77646.836
1618;353552.34
1619;29463.494
1620;14319.296
1621;45946.715
1622;36045.516
1625;263529.72
1627;111634.76
1628;51700.844
1629;56085.035
1630;96414.19
1631;64008.438
1633;41373.793
1634;51777.3
1635;42517.402
1636;57247.375
1637;81549.65
1638;71049.49
1639;91293.586
1640;139127.78
1641;406890.75
1642;48631.527
1643;55550.395
1644;61837.418
1645;125503.77
1646;87708.02
1647;68491.75
1648;123047.6
1649;71024.305
1650;143748.94
1651;69419.94
1652;44981.16
1653;68638.48
1654;61138.562
1655;107086.73
1656;46414.062
1657;73778.56
1658;241396.75
1659;153504.2
1660;69144.85
1661;144355.86
1662;309943.1
1663;58000.62
1664;214332.17
1665;312325.12
1666;104216.35
1668;91257.77
1670;30453.87
1671;65581.85
1672;39914.566
1673;98507.27
1675;119910.65
1676;91999.98
1677;85681.12
1678;114345.875
1679;60891.457
1680;97675.15
1681;344630.28
1682;40851.44
1683;135846.95
1684;40695.203
1687;19580.79
1688;52313.082
1689;78166.914
1690;211121.89
1691;35906.465
1692;59106.938
1693;57664.42
1694;48459.832
1695;82151.65
1697;69704.586
1698;92726.69
1699;100559.98
1700;31195.682
1701;87189.37
1702;63467.2
1703;54737.855
1704;47297.34
1705;62254.05
1706;206398.58
1707;48369.816
1709;37615.94
1710;57177.406
1711;37059.293
1712;33918.984
1713;43875.848
1714;40534.34
1715;62368.05
1716;285466.22
1717;93413.87
1718;24151.312
1719;25780.924
1720;67038.77
1721;104324.664
1722;101963.164
1723;152211.25
1725;40936.094
1726;39191.277
1727;30745.818
1728;36640.176
1729;40063.547
1730;53140.87
1731;35828.05
1733;44452.176
1735;36153.38
1736;57429.363
1737;165201.0
1738;39382.36
1739;162019.02
1740;64561.863
1741;165978.95
1742;157950.52
1744;62214.387
1745;88434.29
1746;103543.19
1747;55110.113
1748;81877.88
1749;136978.14
1750;33368.043
1751;102077.9
1753;221700.67
1755;18878.58
1756;46107.58
1758;62116.26
1759;34529.83
1761;314004.66
1762;129307.445
1763;103112.38
1764;82674.41
1765;67562.99
1766;72270.04
1767;24699.697
1769;105157.98
1770;80123.555
1771;49291.51
1772;26522.396
1773;121050.77
1775;48651.043
1776;94591.26
1777;33886.848
1778;27272.588
1779;64736.895
1780;29171.375
1781;18421.648
1782;30000.422
1783;68844.15
1784;35673.184
1785;33705.848
1786;33468.66
1790;70562.66
1791;32589.65
1792;51215.297
1793;60610.395
1796;58154.77
1797;58581.176
1798;54924.168
1800;139327.36
1801;193750.98
1802;77116.26
1803;62419.125
1804;47773.848
1805;36112.594
1806;66109.24
1807;54010.688
1810;42633.57
1812;59393.668
1813;104434.625
1814;217790.17
1815;104975.54
1816;240357.3
1817;51755.137
1818;102463.91
1820;54190.91
1821;54040.066
1822;86982.49
1823;54522.08
1825;406110.84
1826;131310.05
1827;26908.643
1828;49978.02
1829;39950.89
1830;29684.678
1831;40304.207
1832;89964.055
1833;34711.137
1834;44898.02
1836;151695.42
1837;91013.21
1838;77823.72
1839;29792.906
1840;34543.55
1841;56863.875
1844;56306.45
1845;97803.9
1846;196545.89
1847;119200.836
1848;35325.574
1849;194338.0
1850;24816.838
1852;34608.95
1854;76406.49
1855;48245.98
1856;331537.97
1857;301977.66
1859;48522.74
1860;69903.195
1864;28974.697
1865;39891.324
1866;94739.59
1867;166727.77
1868;82553.74
1870;102214.625
1871;40044.63
1873;433923.88
1875;37249.38
1876;52499.504
1877;140600.48
1878;22237.275
1879;104282.664
1880;91792.41
1881;57116.74
1883;83242.38
1884;36007.2
1886;80032.336
1887;127429.164
1888;69459.06
1889;52498.95
1891;66523.04
1892;37848.156
1893;16630.39
1894;63657.73
1895;54102.2
1897;133602.08
1898;135217.19
1900;56539.355
1902;17488.36
1903;63250.105
1904;41009.918
1905;34623.47
1906;38238.03
1907;72762.42
1908;54006.53
1909;58191.28
1910;125244.71
1911;69137.805
1912;35378.68
1913;35086.52
1914;93802.16
1915;72228.0
1916;193859.77
1917;40988.36
1920;45105.5
1921;74783.69
1922;229986.75
1923;41676.55
1924;29921.025
1925;28101.22
1926;20563.463
1928;49908.207
1929;41243.34
1931;38548.17
1932;48792.562
1934;30597.291
1935;192180.23
1936;26083.87
1937;131271.3
1938;28840.414
1939;45139.996
1940;123643.23
1941;54517.418
1942;64545.74
1943;44073.67
1945;72386.65
1946;39891.12
1947;15367.641
1948;32168.588
1950;18961.82
1951;68497.195
1952;185624.58
1953;41421.992
1954;99734.16
1955;70544.35
1956;50548.938
1957;102695.945
1958;133552.69
1959;22054.021
1960;63188.562
1961;17215.793
1962;100864.41
1963;37714.004
1964;48735.94
1965;79358.664
1966;211006.11
1967;84975.34
1968;38142.688
1969;33359.363
1970;77401.4
1971;75307.98
1972;55485.957
1973;29354.791
1974;35952.8
1975;136395.2
1976;70495.195
1977;61843.484
1978;128707.305
1979;89395.125
1980;68495.49
1981;48496.05
1983;45623.3
1985;51744.27
1987;99588.01
1988;40773.656
1989;62451.496
1991;40736.16
1993;32890.34
1994;45629.043
1995;63428.676
1996;98149.875
1997;48332.89
1998;63389.176
1999;38643.953
2000;133131.62
2001;317541.5
2002;60393.39
2003;80661.414
2004;59794.88
2005;39679.547
2006;206231.48
2007;98312.47
2008;58095.504
2010;86232.92
2011;61885.145
2012;198487.62
2013;46831.31
2014;49352.06
2016;70757.85
2017;31730.953
2019;49416.344
2021;309983.03
2022;308409.6
2023;105707.15
2024;78466.914
2025;57762.176
2026;136528.69
2027;94357.4
2029;57317.98
2030;40176.31
2031;42414.277
2032;34190.47
2033;65342.98
2034;111806.4
2035;324124.9
2036;96228.73
2037;65900.945
2038;29538.531
2039;65271.0
2041;41868.035
2042;460963.84
2043;49928.516
2044;158647.12
2045;102566.66
2047;43379.496
2048;290047.16
2049;94712.02
2051;93816.18
2052;45225.24
2053;53097.184
2054;99681.49
2055;51208.527
2056;52706.52
2057;75917.46
2058;97174.27
2059;53903.848
2060;180226.83
2061;34479.324
2062;36989.62
2063;35036.348
2064;105655.375
2065;26976.186
2067;74227.0
2069;40090.45
2071;155433.98
2073;41598.926
2075;36726.62
2076;33686.934
2077;72675.87
2078;21441.297
2079;113125.35
2080;35859.207
2081;355301.4
2082;22739.873
2083;59720.13
2084;62738.285
2085;29517.62
2086;173874.03
2087;40567.168
2088;34991.473
2089;55979.734
2090;75674.04
2092;254325.92
2093;116317.35
2094;57225.234
2095;41482.332
2097;23167.752
2098;20139.203
2099;56881.676
2100;17178.469
2101;36657.66
2102;37505.28
2103;103413.29
2104;71233.88
2105;30486.14
2106;38289.75
2107;122258.25
2108;134259.33
2109;48899.016
2110;27545.834
2112;37708.137
2113;43396.35
2114;59610.957
2115;19468.871
2117;209545.73
2118;59445.156
2119;96518.09
2122;58829.81
2123;95280.586
2124;136293.0
2125;134520.72
2126;101344.93
2127;300416.5
2129;68180.9
2130;119863.48
2131;51282.793
2133;100162.93
2134;68567.57
2135;93868.91
2137;17876.701
2138;107436.555
2140;99704.63
2141;30792.35
2142;108748.51
2143;215789.42
2144;83235.96
2145;214856.19
2146;187274.17
2147;109321.6
2148;163542.8
2149;173199.11
2150;83345.88
2151;224991.83
2154;64611.844
2155;118851.164
2156;315416.34
2157;102762.46
2158;99684.28
2159;164755.0
2160;123512.336
2161;74507.21
2162;298293.75
2164;116926.47
2167;494140.5
2168;87940.04
2169;168067.83
2170;27388.38
2172;97069.555
2174;26849.143
2175;38293.477
2176;51619.668
2178;179492.31
2179;55265.285
2180;57284.125
2182;189354.05
2183;361185.4
2184;498293.0
2185;190039.33
2186;206168.8
2187;478194.9
2188;209954.17
2189;40263.1
2190;34482.418
2191;35577.105
2192;22122.807
2194;19549.79
2196;177178.95
2197;179678.05
2198;85722.66
2199;138999.56
2200;99102.25
2203;69891.88
2204;45664.855
2205;164561.89
2206;280140.6
2208;161798.5
2209;107885.15
2210;34086.22
2211;69804.29
2212;66761.48
2213;271940.66
2214;143533.39
2215;271424.53
2216;205427.23
2217;86166.38
2218;85156.32
2219;209049.12
2220;74584.914
2221;198431.08
2222;84161.336
2224;38659.547
2225;77231.35
2226;30336.838
2227;78617.25
2228;56052.312
2229;245126.02
2230;304391.94
2231;44348.33
2232;102602.055
2233;35123.9
2234;193896.67
2235;58863.355
2237;68040.21
2238;32098.633
2239;123477.06
2242;111181.72
2243;26441.625
2244;37371.39
2245;402848.62
2246;353044.0
2247;29615.256
2248;113286.68
2249;233128.73
2251;137336.39
2252;54834.176
2253;22100.39
2254;204682.83
2255;95274.69
2256;52214.594
2257;30235.361
2258;52997.543
2259;56095.168
2260;42194.293
2261;54109.105
2263;264327.34
2264;83108.445
2265;49965.887
2266;84437.56
2267;143343.42
2268;479478.84
2269;132708.08
2270;102302.63
2271;25116.752
2272;56929.766
2273;100150.914
2274;99635.24
2275;60437.53
2276;25300.623
2278;51241.535
2279;55251.16
2280;137671.11
2281;101556.31
2282;132024.89
2285;21613.904
2286;26899.861
2287;16106.903
2288;17078.064
2289;161451.61
2290;44779.777
2291;42216.797
2292;131924.42
2293;100157.625
2295;209893.86
2297;56452.56
2298;44574.926
2299;67014.34
2300;149852.66
2301;180497.19
2302;73103.97
2303;58168.105
2304;40267.22
2305;30921.725
2307;171683.12
2308;37667.723
2309;27717.516
2310;65207.516
2311;53858.797
2312;48377.98
2313;78312.375
2314;30925.297
2315;76145.59
2316;47301.77
2317;172077.98
2318;18046.129
2319;81690.76
2320;39452.55
2322;243411.77
2323;61259.438
2324;38845.105
2325;142526.86
2326;177022.95
2327;266866.1
2328;126681.37
2329;48629.11
2330;19052.6
2331;66451.21
2332;33185.88
2333;111681.1
2335;59436.938
2336;49794.926
2338;37275.53
2339;55403.812
2340;117256.79
2342;47400.08
2343;61335.63
2344;26177.19
2345;65523.395
2346;71303.22
2348;28082.271
2349;74251.586
2350;59727.438
2351;134929.44
2352;50776.344
2353;50694.344
2354;38920.484
2355;109862.24
2356;118169.6
2357;66098.195
2358;77805.125
2359;76614.61
2360;56267.137
2361;17438.686
2362;37737.895
2363;61184.36
2364;96544.336
2365;83390.98
2366;33412.91
2369;131806.2
2370;76448.31
2371;34624.027
2372;46607.41
2373;126006.23
2374;121662.97
2375;72609.71
2377;52722.824
2378;18333.377
2381;117197.66
2383;30803.412
2384;71377.62
2385;42227.83
2387;103107.81
2389;30153.994
2391;155353.7
2392;85457.97
2393;59099.355
2394;170694.55
2395;24938.656
2396;32976.56
2397;51594.785
2398;26594.889
2399;55336.88
2400;64659.97
2401;39626.05
2402;25903.393
2404;35405.562
2405;62512.145
2406;31007.717
2407;82344.86
2408;31859.521
2409;33529.613
2411;24177.219
2412;62069.67
2413;198008.62
2414;207822.14
2415;29674.635
2417;64419.45
2418;169953.39
2419;39329.16
2421;45808.387
2422;57794.145
2424;77534.13
2425;25098.85
2427;88807.875
2428;37790.207
2429;26949.65
2430;26885.412
2431;54109.0
2432;72183.49
2433;82354.25
2434;70099.37
2435;95648.6
2437;278635.7
2438;263639.4
2439;512081.16
2440;322544.66
2441;42120.973
2442;29258.787
2443;20747.424
2444;51718.688
2445;42454.848
2446;38823.01
2447;44561.355
2448;51305.543
2449;54469.723
2450;21842.947
2453;27393.947
2455;96963.26
2456;90535.65
2457;82386.18
2458;159461.19
2459;53623.188
2460;22268.963
2462;72163.28
2465;162241.92
2466;42119.062
2467;32915.543
2468;38721.676
2470;46284.656
2471;53907.684
2472;52474.01
2473;32194.424
2474;18714.99
2475;71012.99
2476;140121.98
2477;126864.27
2478;26233.412
2479;68462.09
2480;40249.168
2482;66018.75
2483;21727.748
2484;130950.664
2485;176628.75
2486;407766.9
2489;69748.74
2490;174794.52
2491;131312.33
2492;171108.95
2493;243673.48
2495;52376.81
2496;233720.17
2497;144612.27
2498;105271.46
2499;40200.184
2500;238068.2
2501;59533.938
2502;74804.1
2503;79064.38
2505;78982.53
2506;178525.86
2507;113544.82
2508;186987.14
2509;186767.45
2510;150440.0
2511;76086.73
2512;198545.95
2514;40589.832
2515;36649.71
2516;49414.99
2517;18777.52
2518;165233.95
2519;28824.1
2520;44429.016
2521;66318.79
2522;67646.84
2523;16354.1045
2524;41951.473
2525;129772.75
2526;42382.332
2528;81514.18
2529;69984.64
2530;54710.99
2531;44832.156
2532;70131.664
2533;40085.13
2534;140816.11
2536;87227.76
2538;31678.084
2539;94305.76
2540;46421.52
2541;59083.66
2542;54477.785
2544;84965.96
2545;91508.23
2546;38878.383
2547;48474.973
2548;87834.31
2549;17460.92
2551;56961.94
2552;47657.848
2553;44441.438
2554;61011.395
2555;91647.35
2556;49126.58
2557;66108.836
2558;48098.895
2559;132720.75
2560;144891.3
2561;37788.695
2563;25499.094
2565;58316.402
2566;48070.06
2567;91420.695
2568;57574.984
2569;275620.84
2570;117238.625
2571;49934.516
2572;43566.78
2573;51921.848
2574;132185.58
2575;59719.176
2576;45173.676
2577;118664.46
2578;89016.836
2581;162657.23
2582;41210.22
2583;21460.709
2584;46836.484
2586;40652.812
2587;88865.35
2588;33092.91
2589;76281.51
2590;97490.44
2591;25836.164
2592;257803.7
2593;134465.08
2595;46657.703
2597;36731.312
2598;33865.203
2599;78208.81
2600;26530.5
2601;49346.25
2602;41352.598
2603;55922.12
2605;28489.064
2606;76369.836
2607;66166.9
2608;17863.328
2609;40680.25
2610;39890.543
2611;129534.65
2612;43868.926
2614;124963.836
2615;21922.326
2616;96709.15
2617;110855.195
2618;104416.88
2619;24330.094
2620;31026.658
2621;75700.9
2622;52706.188
2623;40104.418
2624;35733.734
2625;122013.375
2626;102941.04
2627;59854.73
2628;39912.7
2629;18989.54
2630;177760.2
2631;190279.3
2632;206550.8
2633;44175.98
2634;60078.906
2635;43034.824
2636;79811.43
2638;36146.14
2639;54971.074
2640;23693.713
2641;75269.4
2642;102046.945
2643;34172.285
2644;20355.275
2645;117312.02
2647;53909.973
2648;52957.16
2653;49102.402
2654;358610.22
2656;162043.75
2657;37584.277
2658;68138.74
2659;84257.04
2660;101534.664
2661;29086.014
2662;66906.26
2663;38140.832
2664;105020.44
2666;31416.13
2668;74574.01
2669;23871.63
2670;127626.914
2671;65453.832
2672;332260.75
2674;119915.19
2675;29349.104
2676;30275.846
2677;65131.76
2678;226113.89
2679;141157.39
2680;118623.56
2681;142136.98
2682;122350.21
2683;222537.0
2684;361318.1
2685;101016.72
2686;59772.67
2687;198129.77
2690;55367.844
2691;36840.418
2692;181002.08
2693;20591.99
2694;17112.963
2695;56862.613
2696;45961.637
2697;141334.83
2698;81000.75
2699;47366.375
2701;100639.88
2703;24250.482
2706;61080.73
2707;38609.0
2709;57940.047
2710;84831.52
2711;183603.7
2712;51107.48
2713;38006.61
2714;214370.25
2715;73971.56
2716;107779.055
2717;148331.7
2718;67633.85
2719;34525.996
2720;74992.17
2721;269257.5
2722;54479.39
2723;50942.156
2725;59818.066
2726;66285.91
2727;38282.81
2728;24134.807
2729;42451.223
2731;56829.56
2732;18272.217
2734;32202.646
2735;85731.34
2736;182969.88
2737;112199.125
2738;28478.438
2739;150412.6
2740;126570.375
2742;130361.78
2743;91747.086
2744;15096.874
2747;73250.1
2749;95786.625
2750;71588.09
2751;94603.6
2753;41497.906
2754;58269.824
2756;28671.969
2758;70837.4
2759;44473.16
2760;95895.44
2762;70251.73
2764;80907.54
2765;38504.156
2766;198092.83
2767;28772.705
2768;53812.246
2769;78226.12
2770;57797.2
2771;70100.16
2772;79969.96
2773;38676.918
2775;175119.02
2776;117889.414
2777;139323.39
2778;99789.94
2780;168409.19
2781;192058.42
2782;475679.25
2783;153257.05
2784;88993.414
2785;246668.3
2786;227292.95
2787;24955.514
2788;446569.22
2789;159328.08
2790;101576.78
2791;102513.49
2793;120647.23
2794;100399.34
2795;139182.98
2796;57565.094
2797;110234.586
2798;104804.06
2799;261358.75
2800;149508.86
2802;37215.992
2803;61605.105
2804;56281.613
2805;46763.824
2806;46879.17
2807;48724.094
2808;264853.47
2809;37025.457
2810;58309.465
2811;43471.78
2812;25011.422
2813;113918.91
2814;112404.73
2816;47673.582
2817;24184.385
2818;21182.922
2819;151885.28
2820;84400.375
2821;32000.68
2823;67227.75
2824;51027.043
2825;116287.37
2826;84237.12
2827;112083.98
2829;58746.848
2830;56948.27
2831;92182.21
2832;112419.0
2833;23585.549
2834;53726.67
2835;102016.4
2836;48460.625
2837;32655.514
2838;55713.965
2839;121552.34
2841;60048.418
2842;82549.61
2843;161266.92
2844;43325.88
2845;27492.697
2846;61883.26
2848;125323.664
2849;60604.406
2850;102463.125
2851;39494.883
2852;43452.0
2853;40500.36
2854;81183.13
2856;34023.105
2857;27862.28
2858;58840.832
2859;91911.27
2861;33319.332
2862;21501.117
2863;26762.275
2864;274147.66
2865;70181.99
2866;46199.402
2868;33943.234
2869;84869.84
2870;77419.13
2871;95667.69
2872;35846.49
2873;74854.195
2874;62276.88
2875;96758.09
2876;71312.23
2878;75548.54
2879;39168.207
2880;46787.25
2881;87091.984
2882;26048.588
2883;73645.195
2884;101028.44
2885;112001.195
2886;55088.62
2887;56705.895
2888;54586.78
2890;27997.805
2891;96214.23
2892;72824.695
2893;67364.125
2895;117967.875
2896;80594.75
2897;74135.0
2898;88131.805
2899;65241.207
2900;49231.22
2901;307154.22
2902;122783.836
2903;151354.7
2904;70671.836
2905;37096.53
2906;301837.88
2907;68951.75
2908;59435.01
2909;67346.91
2911;52622.465
2912;87351.07
2913;20028.674
2914;46278.406
2915;41286.91
2916;83010.805
2917;62892.965
2918;143267.19
2919;37011.004
2920;70515.01
2921;44722.223
2922;108340.586
2923;108555.836
2924;65158.0
2925;66050.336
2926;121685.375
2927;70917.38
2928;40700.973
2930;177517.88
2931;28232.65
2933;92866.03
2935;35391.254
2936;142942.14
2937;64743.344
2938;67875.87
2939;88536.71
2940;170851.5
2941;55817.03
2942;59525.34
2943;31530.51
2944;63192.824
2946;64638.637
2947;130825.914
2948;48837.69
2949;52107.652
2951;25937.61
2952;32311.822
2953;98366.59
2955;96247.586
2956;21308.65
2957;37186.105
2959;75763.03
2960;40479.23
2961;109159.81
2962;40265.434
2963;147027.36
2964;93591.56
2965;56650.688
2967;40779.84
2968;46079.78
2969;31651.703
2970;99792.46
2971;59101.22
2972;94684.03
2973;81303.66
2974;116008.25
2975;36358.535
2977;145578.22
2978;79313.76
2979;81077.016
2980;121768.27
2981;67938.84
2982;92053.0
2983;45952.027
2985;74864.97
2986;191191.25
2987;29455.807
2988;110278.47
2989;38783.023
2990;37960.7
2991;24237.834
2993;215255.73
2994;56991.637
2995;32769.348
2996;105138.25
2997;34340.08
2998;88741.44
2999;48415.887
3000;93814.664
3001;43549.734
3002;73859.62
3003;75843.96
3005;334689.5
3006;258912.67
3007;191890.08
3009;282812.16
3010;215087.5
3011;82897.195
3012;187947.31
3013;93373.56
3014;83478.21
3015;107871.0
3016;42443.316
3017;215632.36
3018;129790.805
3019;39457.207
3020;175059.7
3021;86247.41
3022;81627.52
3023;48969.55
3024;42165.543
3025;111468.94
3026;88465.164
3027;45063.496
3028;114125.18
3029;135982.83
3030;36974.27
3031;34321.684
3032;107892.37
3034;184398.3
3035;60935.72
3036;93211.98
3037;81430.02
3038;179426.5
3039;24183.62
3040;97133.54
3041;46989.918
3042;26418.125
3043;37362.676
3044;108154.16
3045;205722.81
3046;92534.27
3047;46197.16
3048;80256.234
3049;69280.445
3050;37970.0
3051;192626.89
3052;56783.188
3053;96681.28
3055;87892.555
3056;36986.137
3058;26542.219
3059;94064.164
3060;91120.37
3061;98914.375
3062;136179.33
3063;126140.23
3064;69344.58
3065;29195.936
3066;52753.5
3067;64061.24
3068;34733.035
3070;71403.65
3071;38096.797
3072;61181.668
3073;47638.13
3074;183016.62
3075;73931.1
3076;47194.69
3077;118364.79
3078;33671.348
3079;109656.5
3080;42097.8
3081;26982.463
3083;78220.05
3084;28063.693
3085;80924.37
3087;17092.416
3088;97700.35
3089;52867.48
3090;66861.99
3091;155119.23
3092;37543.613
3093;98489.445
3094;26963.018
3095;54351.703
3097;96553.66
3099;43611.08
3100;85660.19
3101;147942.39
3102;54892.473
3104;33074.86
3105;106274.29
3106;28718.633
3107;18616.182
3108;60441.156
3110;131734.12
3111;100042.73
3112;95280.04
3113;65940.88
3116;43184.0
3117;25825.18
3118;34212.277
3119;27150.053
3120;32295.664
3122;39269.69
3123;70248.91
3124;80366.73
3125;61118.715
3126;187287.75
3127;57047.766
3128;63349.543
3129;27713.932
3130;58424.484
3131;27902.658
3132;47307.98
3133;41167.5
3134;172931.55
3135;108626.21
3136;52489.668
3137;39902.723
3139;39367.555
3140;53400.598
3141;46973.688
3142;112948.23
3143;16114.285
3144;99769.32
3145;48900.844
3146;15436.208
3147;19837.875
3148;19910.842
3149;71583.12
3150;16744.486
3151;177767.5
3152;111207.79
3153;198928.27
3154;133891.02
3155;101696.65
3157;134693.19
3158;33056.203
3159;39850.125
3160;34393.527
3161;67639.85
3162;63404.543
3163;45383.973
3165;48801.797
3166;81212.586
3167;57985.03
3170;157850.06
3171;50117.95
3172;56281.16
3173;26335.041
3174;52278.938
3175;44298.26
3176;93672.35
3177;177301.33
3178;51317.668
3179;119254.75
3180;76975.09
3181;130708.29
3183;118977.76
3184;67797.78
3185;241579.89
3187;72126.56
3188;35709.766
3189;81238.03
3190;127324.71
3191;52193.438
3192;84254.09
3193;84981.26
3194;93302.836
3195;91295.6
3196;52521.344
3198;134940.95
3201;134329.38
3202;63258.062
3203;90775.664
3204;71354.34
3205;41222.61
3207;39688.16
3209;202114.92
3210;130418.445
3211;25068.51
3212;29139.025
3214;389082.16
3215;126263.6
3216;97483.35
3217;73325.1
3218;78856.51
3219;34611.28
3220;57959.94
3221;145997.56
3222;214820.83
3223;93999.99
3224;80846.125
3225;100331.195
3226;61243.0
3227;103528.81
3228;141941.61
3229;120914.445
3230;155862.27
3231;72219.37
3232;42178.17
3233;38327.105
3234;64858.062
3235;31623.916
3237;145914.34
3238;69226.48
3239;57499.875
3240;85721.91
3241;22386.756
3242;24844.578
3244;176504.8
3245;89412.06
3246;50840.566
3247;67040.98
3248;29121.49
3249;58827.953
3250;33440.074
3253;92645.055
3254;219430.23
3255;94761.59
3256;50212.28
3257;146553.05
3258;109134.16
3259;128129.56
3260;99393.79
3262;105959.63
3264;39128.6
3265;36140.906
3266;129624.836
3267;56393.406
3268;97852.77
3269;173450.5
3270;26113.705
3271;30913.492
3272;135691.05
3273;29617.963
3275;54693.02
3276;32846.297
3277;93401.51
3278;38478.703
3279;42942.504
3280;28765.717
3281;22290.031
3282;43509.766
3283;85980.695
3286;63332.652
3288;28409.193
3289;44808.24
3290;452859.25
3291;207833.7
3292;85411.94
3293;73740.72
3295;43965.184
3296;66342.71
3297;31838.053
3298;95667.63
3299;39346.285
3300;74580.625
3302;66545.19
3303;53535.52
3304;46147.77
3305;113446.32
3306;111127.49
3308;42641.62
3309;57800.89
3311;36231.027
3312;59383.203
3313;62089.188
3314;43448.14
3315;61602.11
3317;27140.787
3318;48470.047
3319;29712.852
3320;45337.645
3321;38150.348
3322;41850.668
3324;64537.906
3325;162469.94
3327;95252.26
3328;74445.23
3329;147198.67
3330;310985.75
3331;127102.086
3332;36522.414
3333;56278.27
3334;35869.13
3335;78533.625
3336;75857.266
3337;91339.414
3338;345540.22
3339;47977.47
3341;33152.54
3342;72391.02
3343;35010.332
3345;102866.81
3346;84910.37
3347;58922.8
3348;54454.44
3349;21446.629
3350;101768.16
3351;61337.953
3352;245862.88
3354;37238.504
3355;28825.295
3356;45594.81
3357;178893.39
3358;40289.285
3360;76586.195
3361;31041.295
3362;48220.33
3363;58053.902
3364;46162.184
3365;29561.416
3366;41969.676
3369;25130.947
3370;74605.87
3372;111746.16
3373;70125.31
3374;33238.645
3375;153216.31
3376;87786.79
3377;49959.863
3378;54899.09
3379;96446.71
3380;79505.67
3381;37014.89
3382;44765.824
3384;52203.33
3385;53605.145
3386;44043.637
3387;79850.734
3388;92390.31
3391;69404.85
3392;197839.7
3393;503948.16
3395;40224.58
3397;254740.88
3398;127624.875
3399;95915.85
3400;65184.293
3401;33852.84
3402;85774.04
3403;112962.94
3404;90878.15
3405;63388.344
3407;34215.207
3408;42334.89
3409;40692.785
3410;47454.52
3411;411395.0
3412;285981.16
3413;91261.76
3414;38925.42
3417;385748.62
3418;66685.85
3419;90821.15
3420;340567.22
3421;58031.016
3422;94905.78
3423;377289.1
3424;252521.62
3425;77193.81
3427;60596.652
3428;105202.98
3429;103468.164
3430;39794.406
3431;74523.9
3434;31584.678
3435;48456.723
3437;40389.734
3438;44818.91
3439;43008.84
3440;102264.43
3441;147805.36
3442;237034.25
3443;53179.73
3444;18882.002
3445;33504.12
3446;56796.715
3447;42244.074
3448;489407.9
3449;201475.17
3451;67760.586
3452;216169.05
3453;52298.406
3454;122627.16
3455;87441.32
3456;32915.535
3458;27718.404
3459;47453.02
3460;36924.73
3461;56974.94
3462;71586.76
3463;68712.22
3465;45176.152
3466;93358.445
3467;150812.48
3468;55164.41
3469;65634.08
3470;176493.2
3471;270521.38
3473;115467.96
3474;56782.062
3476;47469.652
3477;54343.426
3479;72872.75
3481;52512.69
3482;108709.43
3483;39327.84
3485;40106.824
3486;32261.994
3487;25503.0
3488;40879.277
3489;83387.03
3490;16184.782
3491;52810.062
3492;61952.53
3494;84764.71
3495;259838.23
3496;59476.926
3497;68069.586
3498;28496.63
3499;100045.98
3500;85846.53
3501;178718.45
3502;66020.07
3503;83661.37
3504;61065.72
3505;421107.25
3506;471816.5
3507;327000.78
3508;332772.62
3509;443092.1
3510;156012.7
3511;210095.77
3513;173530.6
3514;51184.375
3515;123381.52
3516;116904.46
3517;161328.84
3518;70420.23
3519;178686.25
3520;177826.5
3521;115594.96
3522;125871.71
3523;80808.305
3524;72150.1
3525;126290.06
3526;65896.336
3527;121877.164
3528;70468.69
3529;93367.62
3530;126138.96
3531;81605.13
3532;48175.26
3534;121936.77
3535;100481.71
3536;60955.035
3537;103273.53
3538;69364.86
3540;82749.69
3541;15052.698
3542;16764.922
3543;57067.59
3544;85976.21
3545;36211.496
3546;44934.473
3547;74486.96
3548;71949.99
3550;58277.137
3551;42509.83
3553;380945.47
3554;96859.086
3555;68741.71
3556;80897.664
3558;313765.03
3560;100485.04
3561;159734.3
3562;54035.36
3563;37712.617
3564;43284.88
3567;45173.98
3569;51338.605
3570;39828.33
3571;57803.51
3572;202827.5
3573;124641.63
3574;269045.16
3575;56881.03
3576;92606.88
3577;117935.48
3578;82679.125
3579;87034.34
3580;70485.875
3581;63657.53
3582;120899.125
3583;56386.285
3584;142563.36
3585;231001.3
3586;59420.8
3587;59967.832
3588;167537.8
3589;59623.188
3590;311707.16
3591;205759.77
3594;73629.63
3595;83270.664
3596;29935.096
3597;372073.16
3600;90713.805
3601;222759.12
3602;26998.672
3603;97839.305
3604;94153.27
3606;96925.23
3607;70969.19
3609;137177.06
3610;63014.77
3611;49576.824
3612;41600.074
3613;30127.205
3614;36806.63
3615;69661.23
3616;107847.4
3618;30437.047
3619;66005.625
3620;263666.34
3622;43352.09
3623;77437.38
3624;74074.625
3625;91647.9
3628;39599.48
3629;20746.557
3630;36330.324
3631;75671.83
3632;82296.945
3633;34779.66
3634;227702.39
3635;52566.043
3637;61972.797
3638;39568.152
3639;53703.094
3640;40352.047
3641;280234.66
3642;98663.695
3643;193648.55
3645;164342.12
3646;185273.17
3647;95314.23
3648;52549.285
3649;458448.9
3651;94315.28
3652;85808.914
3653;100314.59
3654;54447.97
3656;34095.605
3657;66927.914
3658;57573.69
3659;50555.668
3660;99435.51
3662;43569.508
3663;26826.53
3664;97126.055
3665;22970.752
3666;23566.99
3669;147153.86
3670;178669.45
3671;86539.27
3673;236546.3
3676;131069.57
3677;59509.887
3678;147117.7
3679;192704.11
3680;63317.918
3681;253517.5
3682;120370.49
3683;128798.445
3685;155249.11
3686;81449.586
3687;55298.348
